여정,GA 화면 제목(screen_name/page_title),개발 키(screen_key),화면 범위,진입 경로,다음 이동,플랫폼,표시 조건,화면 경계
앱 실행·가입·로그인,앱 실행 · 시작 화면,app_splash,앱이 준비되는 동안 자체 시작 화면이 전면에 표시되는 구간입니다.,앱 아이콘 실행 또는 콜드 딥링크,로그인 상태에 따라 시작 화면 또는 메인 목적지로 이동합니다.,"aos,ios",이 화면이 실제 전면에 표시된 경우,OS가 표시하는 launch screen과 백그라운드 복귀는 제외합니다. 앱 소유 시작 화면이 표시된 경우만 기록합니다.
앱 실행·가입·로그인,로그인 · 시작,auth_entry,로그인·회원가입 방법을 선택하는 첫 화면입니다.,앱 실행 → 비로그인 상태,이메일 입력 또는 외부 소셜 인증으로 이동합니다.,"aos,ios",이 화면이 실제 전면에 표시된 경우,
앱 실행·가입·로그인,로그인 · 이메일 입력,auth_email_login,이메일로 계정 존재 여부를 확인하는 화면입니다.,로그인 시작 → 이메일로 계속,"기존 계정은 비밀번호 입력, 신규 계정은 가입 약관으로 이동합니다.","aos,ios",이 화면이 실제 전면에 표시된 경우,계정 존재 여부 확인 전이므로 가입/로그인 두 화면으로 중복 정의하지 않습니다.
앱 실행·가입·로그인,로그인 · 비밀번호 입력,login_password,기존 이메일 계정의 비밀번호를 입력하는 인증 화면입니다.,이메일 입력 → 기존 계정 확인,"로그인 성공 시 메인, 추가 인증 필요 시 2단계 인증, 비밀번호 찾기 시 재설정으로 이동합니다.","aos,ios",이 화면이 실제 전면에 표시된 경우,iOS는 같은 View 안에서 비밀번호 입력 단계로 바뀝니다. 이메일 영역 재렌더가 아니라 passwordVisible 전환으로 인증 과업이 바뀐 시점에 한 번 기록합니다.
앱 실행·가입·로그인,로그인 · 2단계 인증,auth_login_2fa,2단계 인증 코드를 입력하여 로그인을 마치는 화면입니다.,비밀번호 로그인 → 추가 인증 필요,인증 성공 시 메인 목적지로 이동합니다.,"aos,ios",이 화면이 실제 전면에 표시된 경우,
앱 실행·가입·로그인,회원가입 · 약관 동의,auth_signup_terms,회원가입에 필요한 약관을 읽고 동의하는 독립 과업 시트입니다.,이메일 신규 계정 또는 소셜 신규 계정 확인,"이메일 가입은 이메일 인증, 소셜 가입은 ID 입력으로 이동합니다.","aos,ios",이 화면이 실제 전면에 표시된 경우,
앱 실행·가입·로그인,회원가입 · 이메일 인증,signup_email_verify,신규 가입 이메일로 받은 인증번호를 입력하는 화면입니다.,가입 약관 동의 → 이메일 가입,인증 성공 후 가입 비밀번호 설정으로 이동합니다.,"aos,ios",이 화면이 실제 전면에 표시된 경우,비밀번호 재설정 인증과 다른 목적이므로 화면명을 분리합니다. 단순 재전송은 현재 화면의 액션입니다.
앱 실행·가입·로그인,회원가입 · 비밀번호 설정,signup_password,신규 이메일 계정에 사용할 비밀번호를 만드는 화면입니다.,회원가입 이메일 인증 완료,가입 ID 입력으로 이동합니다.,"aos,ios",이 화면이 실제 전면에 표시된 경우,
앱 실행·가입·로그인,회원가입 · ID 입력,auth_signup_id,프로필 주소에 사용할 고유 ID를 입력하는 화면입니다.,이메일 비밀번호 설정 또는 소셜 약관 동의,가입 이름 입력으로 이동합니다.,"aos,ios",이 화면이 실제 전면에 표시된 경우,
앱 실행·가입·로그인,회원가입 · 이름 입력,auth_signup_name,본명 또는 활동명을 입력하고 회원가입을 마치는 화면입니다.,회원가입 ID 입력 완료,회원가입 성공 처리 뒤 첫 이용 안내로 이동합니다.,"aos,ios",이 화면이 실제 전면에 표시된 경우,회원가입 완료 버튼과 가입 성공 응답은 sign_up 액션입니다. 별도의 회원가입 완료 화면을 만들어 기록하지 않습니다.
앱 실행·가입·로그인,비밀번호 찾기 · 이메일 입력,login_reset_email,비밀번호를 재설정할 계정 이메일을 입력하는 화면입니다.,로그인 비밀번호 입력 → 비밀번호 찾기,이메일 인증 화면으로 이동합니다.,aos,이 화면이 실제 전면에 표시된 경우,
앱 실행·가입·로그인,비밀번호 찾기 · 이메일 인증,login_reset_verify,비밀번호 재설정을 위해 이메일 소유권을 확인하는 화면입니다.,비밀번호 찾기 또는 계정 잠김 해제 안내,새 비밀번호 입력으로 이동합니다.,"aos,ios",이 화면이 실제 전면에 표시된 경우,
앱 실행·가입·로그인,비밀번호 찾기 · 새 비밀번호 입력,login_reset_password,인증을 마친 비로그인 사용자가 새 비밀번호를 설정하는 화면입니다.,비밀번호 찾기 이메일 인증 완료,완료 후 로그인 시작으로 돌아갑니다.,"aos,ios",이 화면이 실제 전면에 표시된 경우,로그인한 회원의 설정 내 비밀번호 변경과 진입 맥락을 분리합니다.
가입 후 첫 이용,첫 이용 · 권한 안내,auth_permission,앱이 요청하는 권한의 목적을 설명하는 앱 자체 화면입니다.,회원가입 성공 또는 최초 권한 안내 조건,권한 처리 이후 이용 안내 또는 메인으로 이동합니다.,"aos,ios",이 화면이 실제 전면에 표시된 경우,시스템 권한 팝업은 별도 앱 화면명으로 기록하지 않습니다. 플랫폼·기존 동의 여부에 따라 안내 순서가 다를 수 있습니다.
가입 후 첫 이용,첫 이용 · 서비스 안내,onboarding_guide,서비스 이용 방법을 안내하는 튜토리얼 화면입니다.,가입 후 첫 이용 안내,환영 영상으로 이동하거나 건너뛰어 메인으로 이동합니다.,"aos,ios",이 화면이 실제 전면에 표시된 경우,한 안내 화면 안의 문구·슬라이드 전환은 guide_step 값으로 구분합니다. 화면 조회를 문구 개수만큼 늘리지 않습니다.
가입 후 첫 이용,첫 이용 · 환영 영상,onboarding_welcome,입장 버튼과 환영 영상이 표시되는 튜토리얼 마지막 화면입니다.,서비스 안내 마지막 단계,클럽 입장 → 메인 또는 보존된 딥링크 목적지로 이동합니다.,"aos,ios",이 화면이 실제 전면에 표시된 경우,
가입 후 첫 이용,첫 이용 · 개인정보 이용 동의,auth_privacy_agreement,로그인한 사용자에게 필요한 개인정보 이용 동의를 받는 화면입니다.,로그인 후 개인정보 동의가 필요한 상태,동의 완료 후 메인 화면을 이용합니다.,ios,이 화면이 실제 전면에 표시된 경우,
가입 후 첫 이용,계정 · 갱신 약관 동의,auth_agreement_update,기존 회원에게 변경된 약관의 동의를 받는 화면입니다.,약관 갱신 동의가 필요한 로그인 상태,필수 동의 완료 후 메인으로 이동합니다.,aos,이 화면이 실제 전면에 표시된 경우,
디스커버리 · 발견,디스커버리 · 발견,home_discovery,추천 크리에이터와 작업물을 피드로 탐색하는 디스커버리 첫 화면입니다.,로그인 또는 하단 디스커버리 탭,크리에이터 프로필·포트폴리오·영감·프로젝트 상세 또는 추천 목록으로 이동합니다.,"aos,ios",이 화면이 실제 전면에 표시된 경우,피드의 카드·추천 모듈·스크롤 위치·자동 로딩은 별도 화면이 아닙니다.
디스커버리 · 발견,디스커버리 · 추천 크리에이터 목록,home_creator_list,선택한 추천 모듈의 크리에이터 전체 목록을 보는 화면입니다.,디스커버리 → 추천 크리에이터 전체보기,선택한 크리에이터 프로필로 이동합니다.,ios,이 화면이 실제 전면에 표시된 경우,
디스커버리 · 발견,디스커버리 · 영감 모아보기,home_inspiration_feed,여러 영감을 연속 목록으로 탐색하는 화면입니다.,디스커버리 → 영감 더보기,영감 상세로 이동합니다.,ios,이 화면이 실제 전면에 표시된 경우,
파인더 · 검색,파인더 · 검색,finder_search,검색 전 입력·추천 영역이 표시되는 파인더 시작 화면입니다.,하단 파인더 탭 또는 검색 진입,검색 결과·키워드 추천·인맥 탐색으로 이동합니다.,"aos,ios",이 화면이 실제 전면에 표시된 경우,실제 AOS 하단 검색 탭은 MainTab.SEARCH입니다. enum FINDER의 갤러리 딥링크와 합치지 않습니다.
파인더 · 검색,파인더 · 크리에이터 검색 결과,finder_result_creator,검색 조건에 맞는 크리에이터 목록을 보는 검색 결과 화면입니다.,파인더 → 검색 → 해당 결과 탭,크리에이터 프로필로 이동합니다.,"aos,ios",이 화면이 실제 전면에 표시된 경우,결과 없음·재검색·필터 변경은 같은 결과 화면입니다. 검색어 원문을 화면명에 넣지 않습니다.
파인더 · 검색,파인더 · 포트폴리오 검색 결과,finder_result_portfolio,검색 조건에 맞는 포트폴리오 목록을 보는 검색 결과 화면입니다.,파인더 → 검색 → 해당 결과 탭,포트폴리오 상세로 이동합니다.,"aos,ios",이 화면이 실제 전면에 표시된 경우,결과 없음·재검색·필터 변경은 같은 결과 화면입니다. 검색어 원문을 화면명에 넣지 않습니다.
파인더 · 검색,파인더 · 프로젝트 검색 결과,finder_result_project,검색 조건에 맞는 프로젝트 목록을 보는 검색 결과 화면입니다.,파인더 → 검색 → 해당 결과 탭,프로젝트 상세로 이동합니다.,"aos,ios",이 화면이 실제 전면에 표시된 경우,결과 없음·재검색·필터 변경은 같은 결과 화면입니다. 검색어 원문을 화면명에 넣지 않습니다.
파인더 · 검색,파인더 · 크리에이터 필터,finder_filter,크리에이터 탐색 조건을 선택하는 독립 필터 화면입니다.,파인더 크리에이터 결과 → 필터,적용·닫기 → 검색 결과로 돌아갑니다.,"aos,ios",이 화면이 실제 전면에 표시된 경우,
파인더 · 검색,파인더 · 키워드 추천,finder_keyword,추천 키워드를 살펴보고 검색 범위를 선택하는 화면입니다.,파인더 → 키워드 추천,선택한 키워드의 결과 목록으로 이동합니다.,"aos,ios,web",이 화면이 실제 전면에 표시된 경우,
파인더 · 검색,파인더 · 키워드 묶음 결과,finder_shuffle_result,선택한 키워드 묶음에 해당하는 탐색 결과 화면입니다.,키워드 추천 → 키워드 묶음,크리에이터·포트폴리오 상세로 이동합니다.,"aos,ios",이 화면이 실제 전면에 표시된 경우,
파인더 · 검색,인맥 탐색 · 다이얼,network_dial,다이얼로 인맥을 탐색하는 독립 화면입니다.,파인더·채티 → 인맥 탐색,크리에이터 프로필 또는 인맥 연결 경로로 이동합니다.,"aos,ios,web",이 화면이 실제 전면에 표시된 경우,
파인더 · 검색,인맥 탐색 · 사용 안내,network_dial_guide,인맥 다이얼 조작 방법을 안내하는 별도 페이지입니다.,인맥 다이얼 → 안내,인맥 다이얼로 돌아갑니다.,web,이 화면이 실제 전면에 표시된 경우,
파인더 · 검색,인맥 탐색 · 연결 경로,network_dial_path,크리에이터 사이 연결 관계를 따라가는 화면입니다.,인맥 다이얼 → 연결 경로 보기,연결된 크리에이터 프로필로 이동합니다.,web,이 화면이 실제 전면에 표시된 경우,
다른 크리에이터 탐색,크리에이터 · 프로필,creator_profile,다른 크리에이터의 커버·이력 중심의 프로필 본문을 보는 화면입니다.,발견·검색·인맥·채팅 → 크리에이터 선택 → 프로필,콘텐츠 상세·관계 목록·노크·대화로 이동합니다.,"aos,ios,web",이 화면이 실제 전면에 표시된 경우,"프로필 호스트와 선택 탭을 동시에 기록하지 않습니다. 커버·이력 전면이면 프로필, 작업물·소개 탭 전면이면 해당 탭 이름 하나만 기록합니다. 같은 프로필 안 스크롤은 새 화면이 아닙니다. AOS/iOS의 초기 탭 차이는 실제 보이는 탭을 따릅니다."
다른 크리에이터 탐색,크리에이터 · 소개,creator_intro,다른 크리에이터의 소개 본문을 보는 화면입니다.,발견·검색·인맥·채팅 → 크리에이터 선택 → 소개,콘텐츠 상세·관계 목록·노크·대화로 이동합니다.,"aos,ios,web",이 화면이 실제 전면에 표시된 경우,"프로필 호스트와 선택 탭을 동시에 기록하지 않습니다. 커버·이력 전면이면 프로필, 작업물·소개 탭 전면이면 해당 탭 이름 하나만 기록합니다. 같은 프로필 안 스크롤은 새 화면이 아닙니다. AOS/iOS의 초기 탭 차이는 실제 보이는 탭을 따릅니다."
다른 크리에이터 탐색,크리에이터 · 포트폴리오,creator_portfolios,다른 크리에이터의 등록된 포트폴리오 목록을 보는 화면입니다.,발견·검색·인맥·채팅 → 크리에이터 선택 → 포트폴리오,콘텐츠 상세·관계 목록·노크·대화로 이동합니다.,"aos,ios",이 화면이 실제 전면에 표시된 경우,"프로필 호스트와 선택 탭을 동시에 기록하지 않습니다. 커버·이력 전면이면 프로필, 작업물·소개 탭 전면이면 해당 탭 이름 하나만 기록합니다. 같은 프로필 안 스크롤은 새 화면이 아닙니다. AOS/iOS의 초기 탭 차이는 실제 보이는 탭을 따릅니다."
다른 크리에이터 탐색,크리에이터 · 프로젝트,creator_projects,다른 크리에이터의 등록된 프로젝트 목록을 보는 화면입니다.,발견·검색·인맥·채팅 → 크리에이터 선택 → 프로젝트,콘텐츠 상세·관계 목록·노크·대화로 이동합니다.,"aos,ios",이 화면이 실제 전면에 표시된 경우,"프로필 호스트와 선택 탭을 동시에 기록하지 않습니다. 커버·이력 전면이면 프로필, 작업물·소개 탭 전면이면 해당 탭 이름 하나만 기록합니다. 같은 프로필 안 스크롤은 새 화면이 아닙니다. AOS/iOS의 초기 탭 차이는 실제 보이는 탭을 따릅니다."
다른 크리에이터 탐색,크리에이터 · 영감,creator_inspirations,다른 크리에이터의 등록된 영감 목록을 보는 화면입니다.,발견·검색·인맥·채팅 → 크리에이터 선택 → 영감,콘텐츠 상세·관계 목록·노크·대화로 이동합니다.,"aos,ios",이 화면이 실제 전면에 표시된 경우,"프로필 호스트와 선택 탭을 동시에 기록하지 않습니다. 커버·이력 전면이면 프로필, 작업물·소개 탭 전면이면 해당 탭 이름 하나만 기록합니다. 같은 프로필 안 스크롤은 새 화면이 아닙니다. AOS/iOS의 초기 탭 차이는 실제 보이는 탭을 따릅니다."
다른 크리에이터 탐색,포트폴리오 · 상세,portfolio_detail,하나의 포트폴리오 내용을 상세히 보는 화면입니다.,발견·검색·프로필·북마크 → 포트폴리오 선택,작성자 프로필·리스펙트·첨부 확대·다음 작품으로 이동합니다.,"aos,ios",이 화면이 실제 전면에 표시된 경우,내 작품/타인 작품·유입 탭·파일 형식은 속성입니다. 작품명·작성자 이름을 화면명에 붙이지 않습니다. 페이저가 다른 작품을 전면에 표시하면 같은 이름으로 새 방문을 기록합니다.
다른 크리에이터 탐색,영감 · 상세,inspiration_detail,하나의 영감 콘텐츠를 상세히 보는 화면입니다.,발견·프로필 → 영감 선택,좋아요·댓글·작성자 프로필·다음 영감으로 이어집니다.,"aos,ios",이 화면이 실제 전면에 표시된 경우,
다른 크리에이터 탐색,영감 · 코멘트 목록,inspiration_comment_list,코멘트 목록이 독립 화면으로 펼쳐진 상태입니다.,영감·뮤즈 코멘트 진입,댓글 작성·답글 확인 또는 원래 화면으로 돌아갑니다.,ios,이 화면이 실제 전면에 표시된 경우,
다른 크리에이터 탐색,소통 · 리스펙트 메시지 선택,respect_select,리스펙트 문구를 고르는 독립 과업 시트입니다.,포트폴리오·크리에이터 → 리스펙트,선택한 메시지를 전송하고 원래 화면으로 돌아갑니다.,"aos,ios",이 화면이 실제 전면에 표시된 경우,리스펙트 누르기·전송 성공은 액션입니다. 문구 선택 시트가 실제 열린 경우만 이 화면을 기록합니다.
다른 크리에이터 탐색,인맥 · 일촌 목록,contact_first,선택한 관계 유형의 크리에이터 목록이 표시되는 화면입니다.,마이·타인 프로필의 관계 수 또는 인맥 메뉴,크리에이터 프로필로 이동하거나 관계를 관리합니다.,"aos,ios",이 화면이 실제 전면에 표시된 경우,내 인맥과 타인의 관계 목록은 profile_owner 속성으로 구분합니다. 부모 인맥 컨테이너를 추가 기록하지 않습니다.
다른 크리에이터 탐색,인맥 · 팔로워 목록,contact_follower,선택한 관계 유형의 크리에이터 목록이 표시되는 화면입니다.,마이·타인 프로필의 관계 수 또는 인맥 메뉴,크리에이터 프로필로 이동하거나 관계를 관리합니다.,"aos,ios",이 화면이 실제 전면에 표시된 경우,내 인맥과 타인의 관계 목록은 profile_owner 속성으로 구분합니다. 부모 인맥 컨테이너를 추가 기록하지 않습니다.
다른 크리에이터 탐색,인맥 · 팔로잉 목록,contact_following,선택한 관계 유형의 크리에이터 목록이 표시되는 화면입니다.,마이·타인 프로필의 관계 수 또는 인맥 메뉴,크리에이터 프로필로 이동하거나 관계를 관리합니다.,"aos,ios",이 화면이 실제 전면에 표시된 경우,내 인맥과 타인의 관계 목록은 profile_owner 속성으로 구분합니다. 부모 인맥 컨테이너를 추가 기록하지 않습니다.
다른 크리에이터 탐색,인맥 · 검색,contact_search,내 인맥에서 사용자를 검색하는 화면입니다.,인맥 목록 → 검색,검색된 크리에이터 프로필로 이동합니다.,"aos,ios",이 화면이 실제 전면에 표시된 경우,
다른 크리에이터 탐색,프로필 · 리스펙트 목록,profile_respect_list,프로필의 리스펙트 목록을 독립적으로 보는 화면입니다.,프로필 → 리스펙트 목록,목록에 나타난 크리에이터 프로필로 이동합니다.,aos,이 화면이 실제 전면에 표시된 경우,
다른 크리에이터 탐색,첨부 · 미디어 전체보기,media_viewer,이미지·영상·PDF 등 첨부 파일을 전체 화면으로 보는 화면입니다.,콘텐츠·채팅·프로필 → 첨부 확대,닫기 → 원래 화면으로 돌아갑니다.,"aos,ios",이 화면이 실제 전면에 표시된 경우,같은 뷰어에서 파일을 넘겨도 화면명은 고정입니다. 파일 종류·순번은 속성입니다. proposal_detail로 잘못 부르던 AOS 미리보기도 이 화면입니다.
마이 · 나를 소개하기,마이 · 프로필,my_profile,내 커버·이력 중심의 프로필 본문을 보는 화면입니다.,하단 마이 탭 또는 내 프로필 보기 → 프로필,프로필 정보 등록·수정 또는 내 콘텐츠 상세로 이동합니다.,"aos,ios,web",이 화면이 실제 전면에 표시된 경우,"프로필 호스트와 선택 탭을 동시에 기록하지 않습니다. 커버·이력 전면이면 프로필, 작업물·소개 탭 전면이면 해당 탭 이름 하나만 기록합니다. 같은 프로필 안 스크롤은 새 화면이 아닙니다. AOS/iOS의 초기 탭 차이는 실제 보이는 탭을 따릅니다."
마이 · 나를 소개하기,마이 · 소개,my_intro,내 소개 본문을 보는 화면입니다.,하단 마이 탭 또는 내 프로필 보기 → 소개,프로필 정보 등록·수정 또는 내 콘텐츠 상세로 이동합니다.,"aos,ios,web",이 화면이 실제 전면에 표시된 경우,"프로필 호스트와 선택 탭을 동시에 기록하지 않습니다. 커버·이력 전면이면 프로필, 작업물·소개 탭 전면이면 해당 탭 이름 하나만 기록합니다. 같은 프로필 안 스크롤은 새 화면이 아닙니다. AOS/iOS의 초기 탭 차이는 실제 보이는 탭을 따릅니다."
마이 · 나를 소개하기,마이 · 포트폴리오,my_portfolios,내 등록된 포트폴리오 목록을 보는 화면입니다.,하단 마이 탭 또는 내 프로필 보기 → 포트폴리오,프로필 정보 등록·수정 또는 내 콘텐츠 상세로 이동합니다.,"aos,ios",이 화면이 실제 전면에 표시된 경우,"프로필 호스트와 선택 탭을 동시에 기록하지 않습니다. 커버·이력 전면이면 프로필, 작업물·소개 탭 전면이면 해당 탭 이름 하나만 기록합니다. 같은 프로필 안 스크롤은 새 화면이 아닙니다. AOS/iOS의 초기 탭 차이는 실제 보이는 탭을 따릅니다."
마이 · 나를 소개하기,마이 · 프로젝트,my_projects,내 등록된 프로젝트 목록을 보는 화면입니다.,하단 마이 탭 또는 내 프로필 보기 → 프로젝트,프로필 정보 등록·수정 또는 내 콘텐츠 상세로 이동합니다.,"aos,ios",이 화면이 실제 전면에 표시된 경우,"프로필 호스트와 선택 탭을 동시에 기록하지 않습니다. 커버·이력 전면이면 프로필, 작업물·소개 탭 전면이면 해당 탭 이름 하나만 기록합니다. 같은 프로필 안 스크롤은 새 화면이 아닙니다. AOS/iOS의 초기 탭 차이는 실제 보이는 탭을 따릅니다."
마이 · 나를 소개하기,마이 · 영감,my_inspirations,내 등록된 영감 목록을 보는 화면입니다.,하단 마이 탭 또는 내 프로필 보기 → 영감,프로필 정보 등록·수정 또는 내 콘텐츠 상세로 이동합니다.,"aos,ios",이 화면이 실제 전면에 표시된 경우,"프로필 호스트와 선택 탭을 동시에 기록하지 않습니다. 커버·이력 전면이면 프로필, 작업물·소개 탭 전면이면 해당 탭 이름 하나만 기록합니다. 같은 프로필 안 스크롤은 새 화면이 아닙니다. AOS/iOS의 초기 탭 차이는 실제 보이는 탭을 따릅니다."
마이 · 나를 소개하기,프로필 등록 · 커버 스타일 선택,profile_cover_style,프로필에 적용할 커버 스타일을 고르는 페이지입니다.,마이 → 프로필 만들기 또는 커버 스타일 변경,"처음 등록·편집이면 커버 정보 입력 폼, 이미 등록한 회원의 스타일 변경이면 저장 후 마이로 돌아갑니다.",web,이 화면이 실제 전면에 표시된 경우,캐러셀의 각 스타일은 화면이 아닙니다. 선택된 스타일 ID는 별도 값입니다.
마이 · 나를 소개하기,프로필 등록 · 커버 정보 입력,profile_cover_form,직업·ID·이름·한 줄 소개·커버 이미지·프로필 사진을 입력하는 전체 폼입니다.,"커버 스타일 선택 → 이 스타일로 시작하기, 또는 마이 → 커버 정보 편집",저장 완료 후 마이 또는 진입 화면으로 돌아갑니다.,"aos,ios",이 화면이 실제 전면에 표시된 경우,이 알파 소스는 동일 스크롤 편집 폼 안에서 입력 블록을 펼칩니다. 직업/이름/사진 블록마다 screen_view를 만들지 않습니다. 독립 선택·편집 화면을 열었을 때만 해당 화면으로 전환합니다.
마이 · 나를 소개하기,프로필 등록 · 자기소개 입력,profile_intro_form,작업 스타일·작업 방식·추구 방향·소개 이미지·소개 글을 입력하는 전체 폼입니다.,마이 → 자기소개 등록 또는 편집,저장 완료 후 내 프로필로 돌아갑니다.,"aos,ios",이 화면이 실제 전면에 표시된 경우,키워드 선택·이미지·글 블록은 같은 스크롤 폼의 구성입니다. 단계 이동은 form_step 값으로 추적하며 새 화면으로 세지 않습니다.
마이 · 나를 소개하기,내 정보 · 수정 항목 선택,profile_edit_info_menu,수정할 정보 종류를 선택하는 메뉴 화면입니다.,마이 → 정보 수정,선택한 정보 입력 화면로 이동하거나 뒤로 돌아갑니다.,aos,이 화면이 실제 전면에 표시된 경우,
마이 · 나를 소개하기,프로필 등록 · 필수 정보,profile_edit_basic,필수 기본 정보를 채우는 화면입니다.,마이 → 필수 정보 안내,필수 정보 완료 안내로 이동하거나 뒤로 돌아갑니다.,aos,이 화면이 실제 전면에 표시된 경우,
마이 · 나를 소개하기,프로필 등록 · 필수 정보 완료,profile_edit_basic_done,필수 정보 입력 완료를 실제로 보여 주는 화면입니다.,필수 정보 저장 성공,내 프로필로 이동하거나 뒤로 돌아갑니다.,aos,이 화면이 실제 전면에 표시된 경우,
마이 · 나를 소개하기,내 정보 · 개인정보 관리,profile_edit_personal_info,개인정보 항목과 등록 상태를 관리하는 화면입니다.,마이 → 개인정보 관리,이메일·전화번호·이름 입력로 이동하거나 뒤로 돌아갑니다.,aos,이 화면이 실제 전면에 표시된 경우,
마이 · 나를 소개하기,내 정보 · 자기소개 관리,profile_edit_intro_info,자기소개 관련 등록 정보를 관리하는 화면입니다.,마이 → 자기소개 정보,키워드·소개 정보 편집로 이동하거나 뒤로 돌아갑니다.,aos,이 화면이 실제 전면에 표시된 경우,
마이 · 나를 소개하기,내 정보 · ID 변경,profile_edit_id,프로필 ID를 변경하는 화면입니다.,마이 → 정보 수정 → ID,내 프로필로 이동하거나 뒤로 돌아갑니다.,"aos,ios",이 화면이 실제 전면에 표시된 경우,
마이 · 나를 소개하기,내 정보 · 한글 이름,profile_edit_name_ko,한글 이름을 등록하거나 수정하는 화면입니다.,마이 → 정보 수정 → 이름 → 한글 이름,내 프로필 또는 이름 메뉴로 이동하거나 뒤로 돌아갑니다.,"aos,ios",이 화면이 실제 전면에 표시된 경우,
마이 · 나를 소개하기,내 정보 · 영문 이름,profile_edit_name_en,영문 성·이름을 등록하거나 수정하는 화면입니다.,마이 → 정보 수정 → 이름 → 영문 이름,내 프로필 또는 이름 메뉴로 이동하거나 뒤로 돌아갑니다.,"aos,ios",이 화면이 실제 전면에 표시된 경우,
마이 · 나를 소개하기,내 정보 · 직업 관리,profile_edit_profession,등록된 직업을 관리하는 화면입니다.,마이 → 정보 수정 → 직업,직업 검색·선택 또는 직접 입력로 이동하거나 뒤로 돌아갑니다.,ios,이 화면이 실제 전면에 표시된 경우,
마이 · 나를 소개하기,내 정보 · 직업 선택,profile_edit_profession_select,직업 목록에서 항목을 고르는 화면입니다.,직업 관리 또는 필수 정보 → 직업 추가,직업 관리 또는 입력 폼로 이동하거나 뒤로 돌아갑니다.,"aos,ios",이 화면이 실제 전면에 표시된 경우,
마이 · 나를 소개하기,내 정보 · 직업 검색,profile_edit_profession_search,직업명을 검색하는 화면입니다.,직업 관리 → 검색,직업 선택 또는 직접 입력로 이동하거나 뒤로 돌아갑니다.,ios,이 화면이 실제 전면에 표시된 경우,
마이 · 나를 소개하기,내 정보 · 직업 직접 입력,profile_edit_profession_custom,목록에 없는 직업을 직접 입력하는 화면입니다.,직업 검색 → 직접 입력,직업 관리 또는 입력 폼로 이동하거나 뒤로 돌아갑니다.,ios,이 화면이 실제 전면에 표시된 경우,
마이 · 나를 소개하기,내 정보 · 시그니처 키워드,profile_edit_keyword_signature,나를 대표하는 시그니처 키워드를 선택·관리하는 화면입니다.,마이 → 키워드 관리,내 프로필 또는 등록 폼로 이동하거나 뒤로 돌아갑니다.,"aos,ios",이 화면이 실제 전면에 표시된 경우,
마이 · 나를 소개하기,내 정보 · 작업 스타일,profile_edit_keyword_style,작업 스타일 키워드 선택만을 위해 열린 독립 화면입니다.,자기소개 관리 → 작업 스타일,자기소개 관리로 이동하거나 뒤로 돌아갑니다.,aos,이 화면이 실제 전면에 표시된 경우,
마이 · 나를 소개하기,내 정보 · 작업 방식,profile_edit_keyword_work,작업 방식 키워드 선택만을 위해 열린 독립 화면입니다.,자기소개 관리 → 작업 방식,자기소개 관리로 이동하거나 뒤로 돌아갑니다.,aos,이 화면이 실제 전면에 표시된 경우,
마이 · 나를 소개하기,내 정보 · 추구 방향,profile_edit_keyword_goal,추구 방향 키워드 선택만을 위해 열린 독립 화면입니다.,자기소개 관리 → 추구 방향,자기소개 관리로 이동하거나 뒤로 돌아갑니다.,aos,이 화면이 실제 전면에 표시된 경우,
마이 · 나를 소개하기,내 정보 · 지역 관리,profile_edit_region,활동 지역을 관리하고 국내·해외 지역 입력으로 연결하는 화면입니다.,마이 → 정보 수정 → 지역,국내 지역 선택 또는 해외 도시 입력로 이동하거나 뒤로 돌아갑니다.,"aos,ios",이 화면이 실제 전면에 표시된 경우,
마이 · 나를 소개하기,내 정보 · 시도 선택,profile_edit_region_city,국내 시·도를 선택하는 화면입니다.,지역 관리 → 국내,시군구 선택로 이동하거나 뒤로 돌아갑니다.,aos,이 화면이 실제 전면에 표시된 경우,
마이 · 나를 소개하기,내 정보 · 시군구 선택,profile_edit_region_county,국내 시·군·구를 선택하는 화면입니다.,국내 시도 선택,지역 관리로 이동하거나 뒤로 돌아갑니다.,aos,이 화면이 실제 전면에 표시된 경우,
마이 · 나를 소개하기,내 정보 · 해외 도시 입력,profile_edit_region_global,해외 도시를 입력하는 화면입니다.,지역 관리 → 해외,지역 관리로 이동하거나 뒤로 돌아갑니다.,"aos,ios",이 화면이 실제 전면에 표시된 경우,
마이 · 나를 소개하기,내 정보 · 이메일 입력,profile_edit_email,개인정보 이메일을 입력하는 화면입니다.,마이 → 이메일 등록·변경,프로필 이메일 인증로 이동하거나 뒤로 돌아갑니다.,"aos,ios",이 화면이 실제 전면에 표시된 경우,
마이 · 나를 소개하기,내 정보 · 이메일 인증,profile_edit_email_verify,개인정보 이메일의 소유권을 인증하는 화면입니다.,프로필 이메일 입력,이메일 관리 또는 내 프로필로 이동하거나 뒤로 돌아갑니다.,"aos,ios",이 화면이 실제 전면에 표시된 경우,
마이 · 나를 소개하기,내 정보 · 전화번호 입력,profile_edit_phone,연락용 전화번호를 입력하는 화면입니다.,마이 → 전화번호 등록·변경,전화번호 관리 또는 내 프로필로 이동하거나 뒤로 돌아갑니다.,"aos,ios",이 화면이 실제 전면에 표시된 경우,
마이 · 나를 소개하기,내 정보 · 링크 입력,profile_edit_link,외부 작업·홈페이지 링크를 입력하는 화면입니다.,마이 → 링크 등록·변경,링크 관리 또는 내 프로필로 이동하거나 뒤로 돌아갑니다.,"aos,ios",이 화면이 실제 전면에 표시된 경우,
마이 · 나를 소개하기,내 정보 · 추천 정보 설정,profile_edit_recommend,추천에 사용하는 정보를 관리하는 화면입니다.,마이 → 추천 정보,내 프로필로 이동하거나 뒤로 돌아갑니다.,aos,이 화면이 실제 전면에 표시된 경우,
마이 · 나를 소개하기,커리어 · 이력 관리,career_home,내 커리어 등록 항목과 이력을 관리하는 화면입니다.,마이 → 이력 관리,경력·학력·수상 등 개별 입력로 이동하거나 뒤로 돌아갑니다.,"aos,ios",이 화면이 실제 전면에 표시된 경우,
마이 · 나를 소개하기,커리어 · 경력 입력,career_experience_form,경력 한 항목을 등록·수정하는 화면입니다.,이력 관리 → 경력 추가·편집,이력 관리로 이동하거나 뒤로 돌아갑니다.,"aos,ios",이 화면이 실제 전면에 표시된 경우,
마이 · 나를 소개하기,커리어 · 학력 목록,career_education_list,등록한 학력 항목을 확인하는 화면입니다.,이력 관리 → 학력,학력 입력로 이동하거나 뒤로 돌아갑니다.,aos,이 화면이 실제 전면에 표시된 경우,
마이 · 나를 소개하기,커리어 · 학력 입력,career_education_form,학력 한 항목을 등록·수정하는 화면입니다.,학력 목록·이력 관리 → 추가·편집,학교·전공 검색 또는 이력 관리로 이동하거나 뒤로 돌아갑니다.,"aos,ios",이 화면이 실제 전면에 표시된 경우,
마이 · 나를 소개하기,커리어 · 학교·전공 검색,career_school_search,학교나 전공을 검색하여 선택하는 화면입니다.,학력 입력 → 학교·전공 찾기,학력 입력로 이동하거나 뒤로 돌아갑니다.,ios,이 화면이 실제 전면에 표시된 경우,
마이 · 나를 소개하기,커리어 · 자격·수상 목록,career_award_list,등록한 자격과 수상을 확인하는 화면입니다.,이력 관리 → 자격·수상,자격·수상 입력로 이동하거나 뒤로 돌아갑니다.,aos,이 화면이 실제 전면에 표시된 경우,
마이 · 나를 소개하기,커리어 · 자격·수상 입력,career_award_form,자격·수상 한 항목을 등록·수정하는 화면입니다.,자격·수상 목록 → 추가·편집,이력 관리로 이동하거나 뒤로 돌아갑니다.,"aos,ios",이 화면이 실제 전면에 표시된 경우,
마이 · 나를 소개하기,커리어 · 언어 능력,career_language,언어와 능력 수준을 관리하는 화면입니다.,이력 관리 → 언어,이력 관리로 이동하거나 뒤로 돌아갑니다.,aos,이 화면이 실제 전면에 표시된 경우,
마이 · 나를 소개하기,커리어 · 스킬,career_skill,보유 스킬을 관리하는 화면입니다.,이력 관리 → 스킬,이력 관리로 이동하거나 뒤로 돌아갑니다.,aos,이 화면이 실제 전면에 표시된 경우,
마이 · 나를 소개하기,공유 · 내 프로필 미리보기,profile_share_preview,다른 사람이 보게 될 내 공유 프로필을 미리 확인하는 화면입니다.,마이 → 공유 미리보기,공유 또는 내 프로필로 이동하거나 뒤로 돌아갑니다.,"aos,ios",이 화면이 실제 전면에 표시된 경우,
마이 · 나를 소개하기,마이 · 오늘 방문자,profile_visitor_list,오늘 내 프로필에 방문한 크리에이터를 확인하는 화면입니다.,마이 → 오늘 방문자,크리에이터 프로필로 이동하거나 뒤로 돌아갑니다.,aos,이 화면이 실제 전면에 표시된 경우,
마이 · 나를 소개하기,내 정보 · 이름 종류 선택,profile_name_select,한글·영문 중 변경할 이름을 선택합니다.,마이 → 정보 수정 → 이름 종류 선택,한글 또는 영문 이름 입력로 이동합니다.,ios,이 화면이 실제 전면에 표시된 경우,
마이 · 나를 소개하기,내 정보 · 생년월일·성별,profile_birth_gender,생년월일과 성별을 확인·편집하는 독립 시트입니다.,마이 → 정보 수정 → 생년월일·성별,내 프로필로 이동합니다.,ios,이 화면이 실제 전면에 표시된 경우,
마이 · 나를 소개하기,내 정보 · 프로필 사진 관리,profile_image_manage,등록된 프로필 사진의 변경·삭제를 선택합니다.,마이 → 정보 수정 → 프로필 사진 관리,사진 선택·편집 또는 내 프로필로 이동합니다.,ios,이 화면이 실제 전면에 표시된 경우,
마이 · 나를 소개하기,내 정보 · 이메일 관리,profile_email_manage,등록된 이메일을 확인하고 변경을 시작합니다.,마이 → 정보 수정 → 이메일 관리,이메일 입력로 이동합니다.,ios,이 화면이 실제 전면에 표시된 경우,
마이 · 나를 소개하기,내 정보 · 전화번호 관리,profile_phone_manage,등록된 전화번호를 확인하고 변경을 시작합니다.,마이 → 정보 수정 → 전화번호 관리,전화번호 입력로 이동합니다.,ios,이 화면이 실제 전면에 표시된 경우,
마이 · 나를 소개하기,내 정보 · 링크 관리,profile_link_manage,등록된 외부 링크를 확인하고 변경·삭제를 시작합니다.,마이 → 정보 수정 → 링크 관리,링크 입력로 이동합니다.,ios,이 화면이 실제 전면에 표시된 경우,
작업물 등록·수정,작업물 등록 · 종류 선택,upload_home,등록할 작업물 종류를 고르는 화면입니다.,디스커버리·마이 → 등록,포트폴리오·영감·프로젝트 작성으로 이동합니다.,"aos,ios",이 화면이 실제 전면에 표시된 경우,종류 선택 UI가 실제 표시될 때만 기록합니다. 바로 특정 작성 폼을 여는 경우 이 이름을 먼저 보내지 않습니다.
작업물 등록·수정,포트폴리오 · 작성,upload_portfolio,작품 설명과 첨부 파일을 등록·수정하는 전체 폼입니다.,작업물 종류 선택 또는 내 콘텐츠 → 편집,첨부 편집·미리보기 또는 저장 후 원래 화면으로 이동합니다.,"aos,ios",이 화면이 실제 전면에 표시된 경우,신규·수정은 mode 속성입니다. 한 스크롤 폼 안의 제목·설명·파일·배경 입력 블록은 별도 화면명이 아닙니다. 저장 성공은 publish 액션입니다.
작업물 등록·수정,영감 · 작성,upload_inspiration,영감의 글과 배경을 등록·수정하는 전체 폼입니다.,작업물 종류 선택 또는 내 콘텐츠 → 편집,첨부 편집·미리보기 또는 저장 후 원래 화면으로 이동합니다.,"aos,ios",이 화면이 실제 전면에 표시된 경우,신규·수정은 mode 속성입니다. 한 스크롤 폼 안의 제목·설명·파일·배경 입력 블록은 별도 화면명이 아닙니다. 저장 성공은 publish 액션입니다.
작업물 등록·수정,프로젝트 · 작성,upload_project,협업 프로젝트의 소개와 모집 내용을 등록·수정하는 전체 폼입니다.,작업물 종류 선택 또는 내 콘텐츠 → 편집,첨부 편집·미리보기 또는 저장 후 원래 화면으로 이동합니다.,"aos,ios",이 화면이 실제 전면에 표시된 경우,신규·수정은 mode 속성입니다. 한 스크롤 폼 안의 제목·설명·파일·배경 입력 블록은 별도 화면명이 아닙니다. 저장 성공은 publish 액션입니다.
작업물 등록·수정,첨부 · 이미지·영상 선택,media_image_video_selection,앱 자체 이미지·영상 선택 목록입니다.,프로필·작업물 입력 → 첨부 선택·편집,편집 완료 후 원래 입력 폼으로 돌아갑니다.,aos,이 화면이 실제 전면에 표시된 경우,OS 사진 선택기나 시스템 파일 앱에는 앱의 화면명을 붙이지 않습니다. 편집 호스트와 내부 crop 화면이 겹치면 실제 전면 편집 화면 하나만 기록합니다.
작업물 등록·수정,첨부 · 이미지 자르기,media_image_crop,이미지의 잘라낼 영역을 정하는 편집 화면입니다.,프로필·작업물 입력 → 첨부 선택·편집,편집 완료 후 원래 입력 폼으로 돌아갑니다.,"aos,ios",이 화면이 실제 전면에 표시된 경우,OS 사진 선택기나 시스템 파일 앱에는 앱의 화면명을 붙이지 않습니다. 편집 호스트와 내부 crop 화면이 겹치면 실제 전면 편집 화면 하나만 기록합니다.
작업물 등록·수정,첨부 · 이미지 편집,media_image_edit,이미지 자르기와 표현을 편집하는 독립 편집 화면입니다.,프로필·작업물 입력 → 첨부 선택·편집,편집 완료 후 원래 입력 폼으로 돌아갑니다.,"aos,ios",이 화면이 실제 전면에 표시된 경우,OS 사진 선택기나 시스템 파일 앱에는 앱의 화면명을 붙이지 않습니다. 편집 호스트와 내부 crop 화면이 겹치면 실제 전면 편집 화면 하나만 기록합니다.
작업물 등록·수정,첨부 · 동영상 자르기,media_video_crop,동영상의 구간·화면 영역을 자르는 화면입니다.,프로필·작업물 입력 → 첨부 선택·편집,편집 완료 후 원래 입력 폼으로 돌아갑니다.,"aos,ios",이 화면이 실제 전면에 표시된 경우,OS 사진 선택기나 시스템 파일 앱에는 앱의 화면명을 붙이지 않습니다. 편집 호스트와 내부 crop 화면이 겹치면 실제 전면 편집 화면 하나만 기록합니다.
작업물 등록·수정,프로필 사진 · 이미지 편집,media_profile_image_edit,프로필 사진·커버 이미지에 사용할 영역을 편집하는 화면입니다.,프로필·작업물 입력 → 첨부 선택·편집,편집 완료 후 원래 입력 폼으로 돌아갑니다.,ios,이 화면이 실제 전면에 표시된 경우,OS 사진 선택기나 시스템 파일 앱에는 앱의 화면명을 붙이지 않습니다. 편집 호스트와 내부 crop 화면이 겹치면 실제 전면 편집 화면 하나만 기록합니다.
작업물 등록·수정,프로필 커버 · 동영상 편집,media_profile_video_edit,프로필 커버용 동영상을 편집하는 화면입니다.,프로필·작업물 입력 → 첨부 선택·편집,편집 완료 후 원래 입력 폼으로 돌아갑니다.,ios,이 화면이 실제 전면에 표시된 경우,OS 사진 선택기나 시스템 파일 앱에는 앱의 화면명을 붙이지 않습니다. 편집 호스트와 내부 crop 화면이 겹치면 실제 전면 편집 화면 하나만 기록합니다.
채티 · 소통,채티 · 대화 목록,chat_list_direct,참여 중인 대화 목록을 보는 화면입니다.,하단 채티 → 해당 목록 탭,대화방으로 이동합니다.,"aos,ios",이 화면이 실제 전면에 표시된 경우,채티 루트와 목록 화면을 동시에 기록하지 않습니다. 탭 재선택·목록 새로고침은 새 화면이 아닙니다.
채티 · 소통,채티 · 라운지 목록,chat_list_lounge,발견·참여할 라운지 목록을 보는 화면입니다.,하단 채티 → 해당 목록 탭,라운지 대화방 또는 라운지 만들기으로 이동합니다.,"aos,ios",이 화면이 실제 전면에 표시된 경우,채티 루트와 목록 화면을 동시에 기록하지 않습니다. 탭 재선택·목록 새로고침은 새 화면이 아닙니다.
채티 · 소통,채티 · 프로젝트 대화 목록,chat_list_project,협업 프로젝트 대화 목록을 보는 화면입니다.,하단 채티 → 해당 목록 탭,프로젝트 대화방으로 이동합니다.,"aos,ios",이 화면이 실제 전면에 표시된 경우,채티 루트와 목록 화면을 동시에 기록하지 않습니다. 탭 재선택·목록 새로고침은 새 화면이 아닙니다.
채티 · 소통,대화 시작 · 목적 선택,knock_select,처음 연락할 목적을 선택하는 독립 과업 시트입니다.,타인 프로필 → 노크,목적 선택 후 노크 전송 또는 대화방으로 이동합니다.,ios,이 화면이 실제 전면에 표시된 경우,
채티 · 소통,대화 시작 · 메시지 입력,knock_compose,처음 연락할 메시지를 입력하는 독립 과업 시트입니다.,타인 프로필 → 노크,메시지 전송 후 대화방 또는 원래 프로필로 이동합니다.,aos,이 화면이 실제 전면에 표시된 경우,목적 선택만 하는 화면과 자유 메시지 입력 화면은 동일 기능이어도 서로 다른 화면입니다.
채티 · 소통,채티 · 1:1 대화,chat_direct_room,1:1 대화의 메시지를 읽고 대화하는 화면입니다.,채티 목록·프로필·프로젝트·팀 → 대화방 열기,방 관리·첨부 보기·참여자 프로필로 이동하거나 목록으로 돌아갑니다.,"aos,ios",현재 방의 room_type이 direct인 경우,메시지 전송·신규 메시지·키보드 열림은 화면이 아닙니다. 미참여 프리뷰와 참여 상태는 속성이며 방을 처음 실제 표시할 때 한 번 기록합니다. 공용 호스트에서는 실제 방 유형을 확인한 뒤 해당 제목 하나만 전송합니다. 유형 미확정 상태에서 임시 제목을 먼저 보내지 않습니다.
채티 · 소통,채티 · 1:1 대화 관리,chat_direct_manage,1:1 대화의 설정과 참여자를 관리하는 화면입니다.,1:1 대화 → 더보기·관리,방 또는 참여자 프로필로 돌아갑니다.,"aos,ios",현재 방의 room_type이 direct이고 관리 화면이 전면인 경우,1:1·라운지·프로젝트·팀의 관리 대상과 화면 구성이 달라 구분합니다. 공용 호스트에서는 실제 방 유형을 확인한 뒤 해당 제목 하나만 전송합니다. 유형 미확정 상태에서 임시 제목을 먼저 보내지 않습니다.
채티 · 소통,채티 · 라운지 대화,chat_lounge_room,라운지 대화의 메시지를 읽고 대화하는 화면입니다.,채티 목록·프로필·프로젝트·팀 → 대화방 열기,방 관리·첨부 보기·참여자 프로필로 이동하거나 목록으로 돌아갑니다.,"aos,ios",현재 방의 room_type이 lounge인 경우,메시지 전송·신규 메시지·키보드 열림은 화면이 아닙니다. 미참여 프리뷰와 참여 상태는 속성이며 방을 처음 실제 표시할 때 한 번 기록합니다. 공용 호스트에서는 실제 방 유형을 확인한 뒤 해당 제목 하나만 전송합니다. 유형 미확정 상태에서 임시 제목을 먼저 보내지 않습니다.
채티 · 소통,채티 · 라운지 대화 관리,chat_lounge_manage,라운지 대화의 설정과 참여자를 관리하는 화면입니다.,라운지 대화 → 더보기·관리,방 또는 참여자 프로필로 돌아갑니다.,"aos,ios",현재 방의 room_type이 lounge이고 관리 화면이 전면인 경우,1:1·라운지·프로젝트·팀의 관리 대상과 화면 구성이 달라 구분합니다. 공용 호스트에서는 실제 방 유형을 확인한 뒤 해당 제목 하나만 전송합니다. 유형 미확정 상태에서 임시 제목을 먼저 보내지 않습니다.
채티 · 소통,라운지 · 정보 입력,chat_lounge_form,라운지 이름·소개·커버를 등록하거나 수정하는 화면입니다.,"채티 라운지 목록 → 만들기, 또는 라운지 관리 → 편집",저장 후 라운지 또는 목록으로 돌아갑니다.,"aos,ios",이 화면이 실제 전면에 표시된 경우,
프로젝트·팀 협업,채티 · 프로젝트 대화,chat_project_room,프로젝트 대화의 메시지를 읽고 대화하는 화면입니다.,채티 목록·프로필·프로젝트·팀 → 대화방 열기,방 관리·첨부 보기·참여자 프로필로 이동하거나 목록으로 돌아갑니다.,"aos,ios",현재 방의 room_type이 project인 경우,메시지 전송·신규 메시지·키보드 열림은 화면이 아닙니다. 미참여 프리뷰와 참여 상태는 속성이며 방을 처음 실제 표시할 때 한 번 기록합니다. 공용 호스트에서는 실제 방 유형을 확인한 뒤 해당 제목 하나만 전송합니다. 유형 미확정 상태에서 임시 제목을 먼저 보내지 않습니다.
프로젝트·팀 협업,채티 · 프로젝트 대화 관리,chat_project_manage,프로젝트 대화의 설정과 참여자를 관리하는 화면입니다.,프로젝트 대화 → 더보기·관리,방 또는 참여자 프로필로 돌아갑니다.,"aos,ios",현재 방의 room_type이 project이고 관리 화면이 전면인 경우,1:1·라운지·프로젝트·팀의 관리 대상과 화면 구성이 달라 구분합니다. 공용 호스트에서는 실제 방 유형을 확인한 뒤 해당 제목 하나만 전송합니다. 유형 미확정 상태에서 임시 제목을 먼저 보내지 않습니다.
프로젝트·팀 협업,채티 · 팀 대화,chat_team_room,팀 대화의 메시지를 읽고 대화하는 화면입니다.,채티 목록·프로필·프로젝트·팀 → 대화방 열기,방 관리·첨부 보기·참여자 프로필로 이동하거나 목록으로 돌아갑니다.,"aos,ios",현재 방의 room_type이 team인 경우,메시지 전송·신규 메시지·키보드 열림은 화면이 아닙니다. 미참여 프리뷰와 참여 상태는 속성이며 방을 처음 실제 표시할 때 한 번 기록합니다. 공용 호스트에서는 실제 방 유형을 확인한 뒤 해당 제목 하나만 전송합니다. 유형 미확정 상태에서 임시 제목을 먼저 보내지 않습니다.
프로젝트·팀 협업,채티 · 팀 대화 관리,chat_team_manage,팀 대화의 설정과 참여자를 관리하는 화면입니다.,팀 대화 → 더보기·관리,방 또는 참여자 프로필로 돌아갑니다.,"aos,ios",현재 방의 room_type이 team이고 관리 화면이 전면인 경우,1:1·라운지·프로젝트·팀의 관리 대상과 화면 구성이 달라 구분합니다. 공용 호스트에서는 실제 방 유형을 확인한 뒤 해당 제목 하나만 전송합니다. 유형 미확정 상태에서 임시 제목을 먼저 보내지 않습니다.
프로젝트·팀 협업,프로젝트 · 목록,project_list,프로젝트 콘텐츠를 목록으로 살펴보는 화면입니다.,발견·프로필 → 프로젝트 모아보기,프로젝트 상세로 이동합니다.,"aos,ios",이 화면이 실제 전면에 표시된 경우,채티의 프로젝트 대화 목록과 구분합니다.
프로젝트·팀 협업,프로젝트 · 상세,project_detail,프로젝트 소개와 모집 정보를 읽는 화면입니다.,발견·검색·프로필·프로젝트 목록 → 프로젝트 선택,참여 신청·담당자 프로필·프로젝트 대화로 이동합니다.,"aos,ios",이 화면이 실제 전면에 표시된 경우,
프로젝트·팀 협업,프로젝트 · 참여 신청,project_apply,협업 프로젝트 참여 내용을 입력해 신청하는 화면입니다.,프로젝트 상세 → 참여 신청,신청 완료 후 프로젝트 상세 또는 대화로 이동합니다.,aos,이 화면이 실제 전면에 표시된 경우,신청 완료·취소는 액션이며 별도 완료 페이지가 없으면 화면명을 만들지 않습니다.
프로젝트·팀 협업,프로젝트 · 지원자 목록,project_applicants,프로젝트에 지원한 크리에이터를 확인하는 화면입니다.,내 프로젝트·프로젝트 대화 관리 → 지원자,지원자 프로필·수락·거절·대화로 이어집니다.,"aos,ios",이 화면이 실제 전면에 표시된 경우,
프로젝트·팀 협업,협업 제안 · 받은 제안,proposal_inbox,받은 협업 제안을 목록으로 확인하는 화면입니다.,채티·인박스 → 제안,제안 상세으로 이동하거나 뒤로 돌아갑니다.,web,이 화면이 실제 전면에 표시된 경우,현재 알파에서 해당 진입이 가능한 권한·회원 상태일 때 적용합니다.
프로젝트·팀 협업,협업 제안 · 상세,proposal_detail,협업 제안의 내용을 읽는 화면입니다.,제안 목록 → 제안 선택,보낸 크리에이터 프로필·답변·대화으로 이동하거나 뒤로 돌아갑니다.,web,이 화면이 실제 전면에 표시된 경우,현재 알파에서 해당 진입이 가능한 권한·회원 상태일 때 적용합니다.
프로젝트·팀 협업,협업 제안 · 유형 선택,proposal_form_type,보낼 협업 제안 유형을 고르는 화면입니다.,프로필·제안 만들기 → 유형 선택,제안 작성으로 이동하거나 뒤로 돌아갑니다.,web,이 화면이 실제 전면에 표시된 경우,현재 알파에서 해당 진입이 가능한 권한·회원 상태일 때 적용합니다.
프로젝트·팀 협업,협업 제안 · 작성,proposal_form,협업 제안의 본문을 작성하는 화면입니다.,프로필 → 제안 보내기 또는 제안 편집,이메일·전화번호·포트폴리오 선택 또는 전송으로 이동하거나 뒤로 돌아갑니다.,web,이 화면이 실제 전면에 표시된 경우,현재 알파에서 해당 진입이 가능한 권한·회원 상태일 때 적용합니다.
프로젝트·팀 협업,협업 제안 · 이메일 입력,proposal_form_email,제안 연락용 이메일을 입력하는 화면입니다.,협업 제안 작성 → 이메일,제안 작성으로 이동하거나 뒤로 돌아갑니다.,web,이 화면이 실제 전면에 표시된 경우,현재 알파에서 해당 진입이 가능한 권한·회원 상태일 때 적용합니다.
프로젝트·팀 협업,협업 제안 · 전화번호 입력,proposal_form_phone,제안 연락용 전화번호를 입력하는 화면입니다.,협업 제안 작성 → 전화번호,제안 작성으로 이동하거나 뒤로 돌아갑니다.,web,이 화면이 실제 전면에 표시된 경우,현재 알파에서 해당 진입이 가능한 권한·회원 상태일 때 적용합니다.
프로젝트·팀 협업,협업 제안 · 포트폴리오 선택,proposal_form_portfolio,제안에 첨부할 포트폴리오를 고르는 화면입니다.,협업 제안 작성 → 포트폴리오 첨부,제안 작성으로 이동하거나 뒤로 돌아갑니다.,web,이 화면이 실제 전면에 표시된 경우,현재 알파에서 해당 진입이 가능한 권한·회원 상태일 때 적용합니다.
프로젝트·팀 협업,팀 · 내 팀과 초대,team_list,내 팀과 받은 팀 초대를 확인하는 화면입니다.,채티 → 팀 목록,팀 프로필·만들기 또는 초대 수락으로 이동하거나 뒤로 돌아갑니다.,"aos,ios",이 화면이 실제 전면에 표시된 경우,현재 알파에서 해당 진입이 가능한 권한·회원 상태일 때 적용합니다.
프로젝트·팀 협업,팀 · 정보 입력,team_form,팀 이름·소개·이미지를 입력하는 화면입니다.,팀 목록 → 만들기 또는 내 팀 → 편집,팀 프로필 또는 팀 목록으로 이동하거나 뒤로 돌아갑니다.,"aos,ios",이 화면이 실제 전면에 표시된 경우,현재 알파에서 해당 진입이 가능한 권한·회원 상태일 때 적용합니다.
프로젝트·팀 협업,팀 · 포트폴리오,team_portfolio,팀 포트폴리오를 모아 보는 화면입니다.,팀 목록·팀 링크 → 포트폴리오 탭,포트폴리오 상세으로 이동하거나 뒤로 돌아갑니다.,"aos,ios",이 화면이 실제 전면에 표시된 경우,현재 알파에서 해당 진입이 가능한 권한·회원 상태일 때 적용합니다. 팀 호스트와 선택 탭을 중복 기록하지 않습니다.
프로젝트·팀 협업,팀 · 소개,team_intro,팀 소개를 읽는 화면입니다.,팀 프로필 → 소개 탭,팀 대화·멤버·포트폴리오으로 이동하거나 뒤로 돌아갑니다.,"aos,ios",이 화면이 실제 전면에 표시된 경우,현재 알파에서 해당 진입이 가능한 권한·회원 상태일 때 적용합니다. 팀 호스트와 선택 탭을 중복 기록하지 않습니다.
프로젝트·팀 협업,팀 · 멤버,team_members,팀 멤버 목록을 보는 화면입니다.,팀 프로필 → 멤버 탭,멤버 프로필·초대으로 이동하거나 뒤로 돌아갑니다.,"aos,ios",이 화면이 실제 전면에 표시된 경우,현재 알파에서 해당 진입이 가능한 권한·회원 상태일 때 적용합니다. 팀 호스트와 선택 탭을 중복 기록하지 않습니다.
프로젝트·팀 협업,팀 · 멤버 초대,team_member_invite,초대할 크리에이터를 선택하는 화면입니다.,내 팀 → 멤버 초대,초대 후 팀 멤버 화면으로 이동하거나 뒤로 돌아갑니다.,"aos,ios",이 화면이 실제 전면에 표시된 경우,현재 알파에서 해당 진입이 가능한 권한·회원 상태일 때 적용합니다.
활동·계정 관리,신고 · 사유 선택,report_reason,사용자·콘텐츠·대화에 대한 신고 사유를 선택하는 독립 과업 시트입니다.,프로필·콘텐츠·대화 관리 → 신고,선택 신고를 전송하거나 직접 입력 화면으로 이동합니다.,aos,이 화면이 실제 전면에 표시된 경우,
활동·계정 관리,알림 · 내 알림,notification_home,나에게 온 알림을 확인하는 화면입니다.,메인 → 알림,알림이 가리키는 프로필·콘텐츠·대화으로 이동합니다.,"aos,ios,web",이 화면이 실제 전면에 표시된 경우,
활동·계정 관리,알림 · 제안 소식,notification_proposal,협업 제안 관련 소식을 확인하는 화면입니다.,제안 → 새 소식,제안 상세으로 이동합니다.,web,이 화면이 실제 전면에 표시된 경우,
활동·계정 관리,내 활동 · 모아보기,activity_home,내가 반응하거나 작성한 활동으로 들어가는 화면입니다.,마이·설정 → 내 활동,리스펙트·좋아요·댓글 목록으로 이동합니다.,"aos,ios",이 화면이 실제 전면에 표시된 경우,
활동·계정 관리,북마크 · 크리에이터,activity_bookmark_creator,저장한 크리에이터 목록을 보는 화면입니다.,마이·설정 → 북마크 → 크리에이터,크리에이터 프로필으로 이동합니다.,"aos,ios",이 화면이 실제 전면에 표시된 경우,
활동·계정 관리,북마크 · 포트폴리오,activity_bookmark_portfolio,저장한 포트폴리오 목록을 보는 화면입니다.,마이·설정 → 북마크 → 포트폴리오,포트폴리오 상세으로 이동합니다.,"aos,ios",이 화면이 실제 전면에 표시된 경우,
활동·계정 관리,내 활동 · 리스펙트한 작업물,activity_respect,내가 리스펙트한 작업물을 보는 화면입니다.,내 활동 → 리스펙트,작업물 상세으로 이동합니다.,"aos,ios",이 화면이 실제 전면에 표시된 경우,
활동·계정 관리,내 활동 · 좋아요한 영감,activity_like,내가 좋아요한 영감을 보는 화면입니다.,내 활동 → 좋아요,영감 상세으로 이동합니다.,"aos,ios",이 화면이 실제 전면에 표시된 경우,
활동·계정 관리,내 활동 · 댓글과 답글,activity_comment,내가 작성한 댓글과 답글을 보는 화면입니다.,내 활동 → 댓글·답글,해당 콘텐츠 상세으로 이동합니다.,"aos,ios",이 화면이 실제 전면에 표시된 경우,
활동·계정 관리,설정 · 전체,settings_home,앱과 계정 설정 항목을 선택하는 화면입니다.,마이 → 설정,계정·알림·공개 범위·고객센터으로 이동합니다.,"aos,ios",이 화면이 실제 전면에 표시된 경우,
활동·계정 관리,설정 · 계정 관리,settings_account,인증·비밀번호·탈퇴 설정으로 들어가는 화면입니다.,설정 → 계정,비밀번호 변경·2단계 인증·탈퇴으로 이동합니다.,"aos,ios",이 화면이 실제 전면에 표시된 경우,
활동·계정 관리,설정 · 알림,settings_notification,알림 수신 항목을 변경하는 화면입니다.,설정 → 알림,설정으로 이동합니다.,"aos,ios",이 화면이 실제 전면에 표시된 경우,
활동·계정 관리,설정 · 공개 범위,settings_visibility,공개 대상 항목을 선택하는 화면입니다.,설정 → 공개 범위,프로필 공개 범위으로 이동합니다.,"aos,ios",이 화면이 실제 전면에 표시된 경우,
활동·계정 관리,설정 · 프로필 공개 범위,settings_visibility_profile,프로필 공개 대상을 지정하는 화면입니다.,공개 범위 → 프로필,공개 범위 또는 공유 화면으로 이동합니다.,"aos,ios",이 화면이 실제 전면에 표시된 경우,
활동·계정 관리,설정 · 차단한 사용자,settings_blocked_users,차단 목록을 확인하고 해제하는 화면입니다.,설정 → 차단한 사용자,설정으로 이동합니다.,"aos,ios",이 화면이 실제 전면에 표시된 경우,
활동·계정 관리,설정 · 비밀번호 변경,settings_password_change,로그인한 회원의 비밀번호를 변경하는 화면입니다.,계정 관리 → 비밀번호 변경,계정 관리으로 이동합니다.,"aos,ios",이 화면이 실제 전면에 표시된 경우,
활동·계정 관리,설정 · 비밀번호 이메일 인증,settings_password_verify,로그인 상태에서 비밀번호 변경 권한을 확인하는 화면입니다.,계정 → 비밀번호 재설정,새 비밀번호 입력으로 이동합니다.,"aos,ios",이 화면이 실제 전면에 표시된 경우,
활동·계정 관리,설정 · 새 비밀번호 입력,settings_password_reset,로그인 상태에서 새 비밀번호를 지정하는 화면입니다.,설정 내 이메일 인증 완료,계정 관리으로 이동합니다.,"aos,ios",이 화면이 실제 전면에 표시된 경우,
활동·계정 관리,설정 · 2단계 인증,settings_2fa,2단계 인증 등록 상태를 확인하는 화면입니다.,계정 관리 → 2단계 인증,인증 이메일 등록으로 이동합니다.,"aos,ios",이 화면이 실제 전면에 표시된 경우,
활동·계정 관리,설정 · 인증 이메일 등록,settings_2fa_email,2단계 인증에 사용할 이메일을 등록하는 화면입니다.,2단계 인증 → 등록,이메일 인증으로 이동합니다.,"aos,ios",이 화면이 실제 전면에 표시된 경우,
활동·계정 관리,설정 · 인증 이메일 확인,settings_2fa_verify,2단계 인증용 이메일을 확인하는 화면입니다.,인증 이메일 등록,2단계 인증 완료으로 이동합니다.,"aos,ios",이 화면이 실제 전면에 표시된 경우,
활동·계정 관리,설정 · 2단계 인증 완료,settings_2fa_complete,2단계 인증 설정 완료를 실제로 안내하는 화면입니다.,이메일 확인 성공,계정 관리으로 이동합니다.,"aos,ios",이 화면이 실제 전면에 표시된 경우,
활동·계정 관리,설정 · 개인정보 동의,settings_privacy_agreement,개인정보 이용 동의 항목을 변경하는 화면입니다.,설정 → 개인정보 동의,설정으로 이동합니다.,ios,이 화면이 실제 전면에 표시된 경우,
활동·계정 관리,회원 탈퇴 · 본인 확인,settings_withdraw_verify,회원 탈퇴를 위한 본인 확인 화면입니다.,계정 관리 → 탈퇴,탈퇴 사유·최종 확인으로 이동합니다.,"aos,ios",이 화면이 실제 전면에 표시된 경우,
활동·계정 관리,회원 탈퇴 · 사유 입력,settings_withdraw_reason,탈퇴 사유를 직접 입력하는 화면입니다.,회원 탈퇴 → 사유 직접 입력,탈퇴 확인으로 이동합니다.,"aos,ios",이 화면이 실제 전면에 표시된 경우,
활동·계정 관리,회원 탈퇴 · 최종 확인,settings_withdraw_confirm,탈퇴 결과와 주의사항을 확인하는 마지막 화면입니다.,회원 탈퇴 본인 확인·사유 입력,탈퇴 처리 후 로그인 시작으로 이동합니다.,"aos,ios",이 화면이 실제 전면에 표시된 경우,
활동·계정 관리,고객센터 · 안내,support_home,문의와 도움말 경로를 확인하는 화면입니다.,설정 → 고객센터,문의·약관 또는 외부 도움말으로 이동합니다.,"aos,ios",이 화면이 실제 전면에 표시된 경우,
활동·계정 관리,고객센터 · 약관 목록,support_agreement_list,열람할 약관 종류를 선택하는 화면입니다.,설정·고객센터 → 약관,약관 상세으로 이동합니다.,"aos,ios",이 화면이 실제 전면에 표시된 경우,
활동·계정 관리,고객센터 · 약관 상세,support_agreement_detail,선택한 약관의 전문을 읽는 화면입니다.,가입·고객센터 → 약관 선택,진입 화면으로 이동합니다.,"aos,ios",이 화면이 실제 전면에 표시된 경우,
활동·계정 관리,신고 · 사유 직접 입력,support_report,신고할 사유를 직접 작성하는 화면입니다.,프로필·콘텐츠·채팅 → 신고 → 직접 입력,신고 전송 후 진입 화면으로 이동합니다.,"aos,web",이 화면이 실제 전면에 표시된 경우,
활동·계정 관리,회원 · 등급별 혜택,support_privilege,회원 등급의 혜택을 확인하는 화면입니다.,마이·등급 안내 → 혜택,진입 화면으로 이동합니다.,web,이 화면이 실제 전면에 표시된 경우,
활동·계정 관리,이메일 · 마케팅 수신거부,settings_email_unsubscribe,마케팅 이메일 수신거부를 처리하는 페이지입니다.,안내 이메일 → 수신거부 링크,수신거부 결과으로 이동합니다.,web,이 화면이 실제 전면에 표시된 경우,
공유 링크·예외 진입,공유 · 크리에이터 프로필,share_profile,공유 링크로 크리에이터 프로필을 읽는 브라우저 화면입니다.,외부 공유 링크 → 프로필,앱 열기·다운로드 또는 공유 콘텐츠으로 이동합니다.,web,이 화면이 실제 전면에 표시된 경우,
공유 링크·예외 진입,공유 · 포트폴리오 상세,share_portfolio,공유된 포트폴리오를 읽는 브라우저 화면입니다.,외부 공유 링크 → 포트폴리오,앱 열기 또는 작성자 프로필으로 이동합니다.,web,이 화면이 실제 전면에 표시된 경우,
공유 링크·예외 진입,공유 · 프로젝트 상세,share_project,공유된 프로젝트를 읽는 브라우저 화면입니다.,외부 공유 링크 → 프로젝트,앱 열기 또는 다운로드으로 이동합니다.,web,이 화면이 실제 전면에 표시된 경우,
공유 링크·예외 진입,갤러리 · 작품 탐색,gallery_home,갤러리 작품을 탐색하는 조건부 화면입니다.,갤러리 딥링크 → 갤러리,작품·크리에이터 또는 메인으로 이동합니다.,"aos,web",이 화면이 실제 전면에 표시된 경우,
공유 링크·예외 진입,앱 안내 · 다운로드,system_app_download,앱 설치를 안내하는 페이지입니다.,공유 페이지 → 앱 다운로드,앱 스토어으로 이동합니다.,web,이 화면이 실제 전면에 표시된 경우,
공유 링크·예외 진입,서비스 · 점검 안내,system_maintenance,서비스 점검으로 이용을 중단하고 안내를 표시하는 화면입니다.,앱 실행·서비스 이용 → 점검 상태,점검 종료 후 서비스으로 이동합니다.,"aos,ios,web",이 화면이 실제 전면에 표시된 경우,
공유 링크·예외 진입,서비스 · 불러오기 오류,system_error,전체 페이지 오류를 표시하는 화면입니다.,웹페이지 → 전역 오류,재시도 또는 이전 화면으로 이동합니다.,web,이 화면이 실제 전면에 표시된 경우,
공유 링크·예외 진입,서비스 · 페이지 없음,system_not_found,요청한 페이지가 없음을 알리는 화면입니다.,존재하지 않는 웹 경로,이전 화면으로 이동합니다.,web,이 화면이 실제 전면에 표시된 경우,
공유 링크·예외 진입,아케이드 · 게임,arcade_game,플레이 가능한 게임 화면입니다.,아케이드 진입 → 게임,플레이 종료 후 진입 화면으로 이동합니다.,"aos,ios",이 화면이 실제 전면에 표시된 경우,
